Date,Name,Year,Letterboxd URI,Rating,Rewatch,Review,Tags,Watched Date
2022-06-01,Taxi Driver,1976,https://boxd.it/2TehaL,5,Yes,"Un estudio de personaje sobre lo que la soledad puede causar en un hombre, al final del día Travis fue un héroe? un antihéroe? o un villano? quizás solamente era un hombre el cual quería completar un objetivo en su vida para satisfacer sus propias necesidades. o al final si pudo limpiar la ciudad?","netflix, drama, soledad, sigma, antiheroe",2022-05-31
2022-06-01,Rocky,1976,https://boxd.it/2TeiQ9,3.5,,"Trama 4/5
Cinematografia 3/5
Actuaciones 3/5
Disfrutabilidad 5/5

de mis primeras películas favoritas, siempre trae nostalgia verla aunque no sea una película perfecta",,2022-05-11
2022-06-01,Doctor Strange in the Multiverse of Madness,2022,https://boxd.it/2TelBB,3,,"Trama 3/5
Cinematografia 3/5
Actuaciones 3/5
Disfrutabilidad 4/5

el cine de superheroes no es tanto lo mío, está película tampoco aporto tanto a mi opinión en eso, sin embargo la disfrute y no me aburrí en el tiempo que la vi en el cine, sin embargo siento que hay demasiados agujeros de trama y cosas sin explicar durante la trama",,2022-05-31
2022-06-06,Blade Runner 2049,2017,https://boxd.it/2UcD7J,4,,"Una representación de una sociedad distopica en su máxima expresión, de la mejor cinematografía que he visto, cada plano podría ser perfectamente un fondo de pantalla y la pregunta entorno a la cual gira la pelicula, ¿Qué hace a un ser humano considerarse ""Humano""?","Netflix, ciencia ficcion, accion, distopia",2022-05-29
2022-06-07,American Psycho,2000,https://boxd.it/2Uj9op,3.5,,"Muchos momentos de la pelicula te hacen sentir incomodo y es casi imposible empatizar con Patrick Bateman, pero no pude evitar sentirme identificado cada vez que reproducía musica y contaba datos muy específicos acerca de los álbumes que se escuchaban, supongo que soy un melómano también.",psycho,2022-06-06
2022-06-17,Whiplash,2014,https://boxd.it/2W3FrB,5,,"""not quite my tempo"" es la frase que más terror causa cuando la escucho y ni siquiera es una película de miedo, que bien se siente revisitar esta película despues de un tiempo y aún así encontrar cosas nuevas para ti, definitivamente de mis películas favoritas",,2022-06-16
2022-06-17,"Crazy, Stupid, Love.",2011,https://boxd.it/2W3H8L,3,,"Ryan Gosling es de mis actores favoritos de todos los tiempos y esta película solía ser mi película favorita de amor cuando era niño, pero ahora no puedo soportar el acoso de Robbie con su niñera, it's just weird",,2022-06-16
2022-08-07,GoodFellas,1990,https://boxd.it/36AVST,5,,“as far back as i can remember i always wanted to be a gangster” frase en la cual voy a basar mi personalidad entera durante un mes 🚬,,2022-08-07
2022-08-28,Casino,1995,https://boxd.it/3aP2QJ,4.5,,"El trabajo de cámara y fotografía es brutaaaal, la verdad es que esta película me hizo sentir desesperacion en muchas ocasiones pero siento que es parte de lo que Scorsese quizo hacer sentir al espectador, y en el momento que “house of the rising sun” empezó a soñar supe que sería de mis películas favoritas.",,2022-08-28
2022-10-17,Blue Valentine,2010,https://boxd.it/3kKbS5,4,,esta película es la prueba de que un buen corte de pelo y vestirte bien puede hacerte pasar de un 5/10 a un 9/10,,2022-10-16
2023-03-20,Django Unchained,2012,https://boxd.it/40sGpb,5,,"Tarantino es el mejor escribiendo personajes, no es posible que cada vez que vea una de sus películas, quiera ser el protagonista",,2023-03-19
2023-03-26,Inglourious Basterds,2009,https://boxd.it/421WMT,5,,"No se como es que Tarantino hizo para lograr un equilibrio entre la tensión, acción y diversión, de esas películas que desde la primera vez que la vez sabes que vas a volver a ella una y otra vez",,2023-03-25
2023-05-20,Gone Girl,2014,https://boxd.it/4gBAgT,4,,Como que se me quitaron las ganas de casarme,,2023-05-19
2023-06-03,Spider-Man: Across the Spider-Verse,2023,https://boxd.it/4k8kgV,4.5,,“you can’t save everyone”,,2023-06-02
2023-06-07,Waves,2019,https://boxd.it/4lo7YV,3.5,,"“a bad day makes the difference” cada plano de la película está hecho con una dedicación y precisión perfectos, el soundtrack es lo mejor de la película junto con la fotografía, realmente es mi soundtrack favorito, pero la historia completa es el punto frágil de la película, siento que pudo ser mejor orientada",,2023-06-06
2023-06-10,Legally Blonde,2001,https://boxd.it/4m8crJ,4,,"Si barbie se hubiera hecho en 2004, Elle hubiera sido perfecta para el papel",,2023-06-09
2023-06-10,The Grand Budapest Hotel,2014,https://boxd.it/4m9ZAd,2,,"lo siento, pero esta película no fue para mi, no entendí del todo la película y siento que se puede sentir pesada en cierto punto",,2023-06-10
2023-06-12,Once Upon a Time... in Hollywood,2019,https://boxd.it/4mLUjx,5,,"Durante toda la película solo veo a Cliff y quiero ser como el, el mejor personaje del mundo",,2023-06-12
2023-06-14,La La Land,2016,https://boxd.it/4nfzHD,5,Yes,"No se porque la primera vez no le puse 5 estrellas, realmente se siente el amor al arte que se puso en esta película, cada secuencia, cada escena está planeada con dedicación y pasión, los colores son hermosos y cada plano podría ser perfectamente una fotografía, de esas películas que te hacen ver el amor que se le tiene a este arte.",,2023-06-13
2023-06-16,About Time,2013,https://boxd.it/4nLDrj,4,,"“all time traveling in the world can’t make someone love you” muy linda película, no me recordaba lo linda que era",,2023-06-15
2023-06-22,Fight Club,1999,https://boxd.it/4ps92t,5,,"Esta película está ejecutada tan bien en todos los aspectos, que no es de extrañar porque se siguen haciendo tantas referencias a esta en la cultura popular actual, la crítica al consumismo, la masculinidad es buenísima, aunque pienso que mucha de la corrección de colores y algunos aspectos de la trama están directamente influenciados por taxi driver.",,2023-06-21
2023-06-23,GoodFellas,1990,https://boxd.it/4pLIG7,5,Yes,"Cada Diálogo, cada plano, cada secuencia es la razón por la que scorsese es mi director favorito. nunca me voy a cansar de ver esta película 

“Pauline Might have moved slow, but it was only because pauline didn’t have to move for nobody” my rolemodel",,2023-06-22
2023-06-24,The Super Mario Bros. Movie,2023,https://boxd.it/4q2MpD,3.5,,"Es un abrazo a mi niño de 12 años esta película, realmente ame la animación, el amor que se le puso a la película, tal vez siento que pudo haber un poco más de desarrollo en el entrenamiento de mario, pero es una película para niños se justifica, de lo contrario es una película que veria varias veces más y no me cansaría, ademas el toad bélico +10pts",,2023-06-23
2023-06-25,The Wolf of Wall Street,2013,https://boxd.it/4qmWtP,5,,"Si hay algo que le gusta a scorsese más que hacer que su personaje principal ascienda a la cima, es relatarnos como este lo pierde todo por su propia mano. 

Creo que esta película no solo critica a estos “gurús” que te venden cursos de cómo ser millonarios de la noche a la mañana, si no que también la escena del tren al final es magnífica ya que Patrick está haciendo justamente lo que jordan se burlaba antes en la película, representando perfectamente al héroe de la película con su incorruptibilidad ya que pudo fácilmente irse por el camino que le ofreció jordan. 

en fin 5 estrellas bien merecidas, CINE 🚬",,2023-06-25
2023-06-27,Jennifer's Body,2009,https://boxd.it/4qU79d,3,,si Megan Fox me mata de la misma forma a mi no me quejo honestamente,,2023-06-26
2023-06-27,The Girl on the Train,2016,https://boxd.it/4qXQR1,2.5,,"el guion de la película era muy ambicioso y tomaron mucha inspiración de gone girl pero honestamente siento que fallaron en muchas cosas durante el guion y estructuración de la película, debido a la mala planeacion de guion el clímax de la película no es tan satisfactorio como debería y honestamente siento que tenía mucho potencial la trama",,2023-06-26
2023-06-27,American Psycho,2000,https://boxd.it/4qZ8Wv,4.5,Yes,"Creo que no la había entendido muy bien la primera vez que la vi y la segunda vez digerí mucho mas, definitivamente es un clásico del cine y Si kanye le hace referencias es porque es de las buenas películas",,2023-06-27
2023-06-28,Raging Bull,1980,https://boxd.it/4raZxP,5,,"durante el primer tercio de película pensé que no era posible que esta película le fuera a dar más de 3 estrellas, y la alegro demasiado de que la película me probara lo contrario. 

Es una historia sumamente triste, realmente algo impresionante que se demuestra en la película es la falta de masculinidad de Jake, a pesar de ser un buen boxeador y estar en muy buena forma, sus actitudes reflejan una falta de masculinidad y de seguridad increíble

“<i>you ever think of anybody else when we’re in bed?” </i>

Creo que más que un miedo a que estas cosas pasen Jake de cierta forma quiere que pasen y posteriormente tener una razón para sacar su ira interna y aun más triste es ver cómo nunca cambiar esto lo lleva a ese triste final.

<i>“You never got me down, Ray.”
</i>
Nunca pudieron noquearlo excepto su orgullo y su ego. 

y para terminar me pareció muy irónico que el boxeador de la película es Robert De Niro pero la mejor escena de peleas en la película es la de Joe Pesci",,2023-06-27
2023-06-28,"Crazy, Stupid, Love.",2011,https://boxd.it/4rfyjh,3.5,Yes,"yo también quiero que Ryan gosling me enseñe a vestirme 

btw lo de que la niñera le entregue las fotos al niño me sigue pareciendo weird",,2023-06-28
2023-06-29,The Social Network,2010,https://boxd.it/4rxdp5,4.5,,David Fincher es tan buen director que puede hacer que Mark Zucaritas parezca una persona cool,,2023-06-29
2023-07-01,The Lego Batman Movie,2017,https://boxd.it/4s3xcT,4.5,,"“Sometimes, loosing people it’s part of life. But that doesn’t mean you stop letting them in” 

No porque una película está dirigida a un público menor significa que no tiene porque tener ciertas tramas acerca de sentimientos complejos que todos sentimos, la película me tuvo riendo y llorando.

no le doy 5 estrellas por el gatito que se quemo",,2023-06-30
2023-07-01,Corpse Bride,2005,https://boxd.it/4s4ySD,4,,"Siento que la trama es muy injusta con Emily y a pesar de todas las injusticias que le pasaron eligió siempre lo mejor para los demás, Team emily 4 life <3

""I've spent so long in the darkness, I'd almost forgotten how beautiful the moonlight is.""

No es posible que me enamore de un cadaver 🧑🏽‍🦯",,2023-07-01
2023-07-01,The Princess and the Frog,2009,https://boxd.it/4s5yxn,4,,"Ray es el héroe de la película, puso sus intereses por los de los demás e incluso se sacrificó para ayudar a alguien más, el momento donde muere y se convierte en estrella junto a Evangeline tiene que ser el momento más emocional que he visto en una película de Disney

also si yo conociera un cocodrilo que tocará Jazz no me asustaría, sería mi mejor amigo fr",,2023-07-01
2023-07-04,Coach Carter,2005,https://boxd.it/4sWDf5,3.5,,"probablemente es el arquetipo de película de deportes que esperas, pero realmente creo que va un poco más allá, la actuación de Samuel L. Jackson es increíble y el final tiene ese aire tan característico de las películas de los 2000’s",,2023-07-03
2023-07-17,Taxi Driver,1976,https://boxd.it/4wZ5vP,5,Yes,"""'He's a prophet and a pusher, partly truth, partly fiction. A walking contradiction.'""

Travis te dice la mitad de la pelicula como odia a toda la ""basura"" de la ciudad, sin embargo es donde parece mas cómodo estar durante toda la pelicula, habla mal de las prostitutas pero no tiene ningún problema consumiendo pornografía en un cine.

Cada vez que veo taxi driver encuentro algo nuevo, algo que me atrapa, algo que me hace querer volver de nuevo a la pelicula, Travis es una contradicción andante, pero así lo es la mayoría de humanos, criticamos a la gente que sigue tendencias cuando no son las tendencias que se alinean a lo que nosotros consideramos aceptable, criticamos a las multinacionales que explotan laboralmente a sus empleados mientras consumimos sus productos, tratamos bien a quienes nos tratan mal y odiamos a quienes nos aman.

Taxi Driver es mas que una pelicula sobre la soledad de un hombre, es un estudio sobre nuestra sociedad, sobre nuestros comportamientos e instintos mas primitivos, la ansiedad, el estrés post traumático, insomnio, machismo, racismo, es increíble como Scorsese pudo capturar tantos temas en una sola obra. 

mi pelicula favorita sin duda alguna.",,2023-07-17
2023-07-18,The Hunchback of Notre Dame,1996,https://boxd.it/4xd4qH,3.5,,"Mf quemo una ciudad entera porque estaba horny, no es la primera vez en la historia de la humanidad que eso pasa",,2023-07-17
2023-07-18,The King of Comedy,1982,https://boxd.it/4xhpXF,5,,"""Better to be king for a night, than schmuck for a lifetime.""

Me paso parecido que cuando vi Raging Bull por primera vez y el primer tercio de la película no sabía que tanto me gustaba la película, pero realmente el último tercio de la película es de lo mejor que he visto en una película de scorsese 

Rupert Pupkin no es tan mencionado a comparación de personajes como Travis Bickle o Jake Lamotta, sin embargo se merece un puesto entre ellos, el carisma, el cinismo, es un personaje muy completo, realmente otra prueba de el gran rango de Robert De Niro como Actor.",,2023-07-17
2023-07-22,Coraline,2009,https://boxd.it/4ym0cD,3.5,,Le di puntos extras porque el Gatito fue el mejor personaje de la peli,,2023-07-21
2023-07-22,Luca,2021,https://boxd.it/4yq4eV,3.5,,SILENZIO BRUNOOO,,2023-07-21
2023-07-22,I Am Legend,2007,https://boxd.it/4yy92B,4,,"La nostalgia de ver esta película junto a mi papa un domingo random por la tarde lo es todo. 

me identifico con Will porque yo también me se todos los diálogos de shrek",,2023-07-21
2023-07-22,Drive,2011,https://boxd.it/4yEV3z,4,Yes,Esta película es el ejemplo perfecto de que la gente tímida termina siempre en situaciones incómodas por su incapacidad de decir que no,,2023-07-21
2023-07-27,Puss in Boots: The Last Wish,2022,https://boxd.it/4ARohd,3.5,,"Perrito es el mejor personaje, me gusta que los estudios se atrevan a probar nuevos estilos de animación",,2023-07-26
2023-07-30,Barbie,2023,https://boxd.it/4BZpN5,4.5,,"Aunque no es una película dirigida para mi, creo que esta muy bien construída y el mensaje de la película se lleva muy bien durante todas las subtramas, Ryan gosgling debe ser el actor más versátil de hollywood",,2023-07-29
2023-08-28,"I, Tonya",2017,https://boxd.it/4LuejB,5,,"La escena del juicio es increible, creo que es el mejor pedazo de actuacion de Margot Robbie que he visto, en ningun momento la senti lenta, me encanto como se rompia la cuarta pared en la pelicula, una obra maestra.

",,2023-08-27
2023-08-31,The Book of Life,2014,https://boxd.it/4Mk9vV,3.5,,"media estrella extra por cantar cielito lindo y creep, el verdadero soundtrack",,2023-08-30
2023-10-03,Black Swan,2010,https://boxd.it/4VUjHv,4,,así se siente escuchar yeezus por primera vez,,2023-10-02
2023-12-09,Shrek 2,2004,https://boxd.it/5i3J9F,5,Yes,"después de ver mil películas animadas, volves a ver shrek 2 y te preguntas porque todas las demás películas animadas y los estudios siguen a años luz de lo que se hizo aquí",,2023-12-08
2024-02-06,Ted,2012,https://boxd.it/5LOFIh,4,,Ya no hacen comedias como antesv,,2024-02-05
2024-02-11,Anyone But You,2023,https://boxd.it/5O1W3J,3,,No sabía que Haaland iba a ser el mejor personaje de la película,,2024-02-10
2024-03-22,28 Days Later,2002,https://boxd.it/66FxvP,3,,"por las cosas que había escuchado esperaba más, pero me gustó",,2024-03-22
2024-04-27,The Fall Guy,2024,https://boxd.it/6lXVcN,3.5,,"Esta película está llena de todos los arquetipos y tramas predecibles posibles, que parece una parodia pero estaba muy divertida :)",,2024-04-26
2024-05-10,Monsters University,2013,https://boxd.it/6rCy3F,3,Yes,"“no das ni un poco de terror, pero no le tienes miedo a nada” cold ass quote de una película de pixar",,2024-05-09
2024-05-25,Shutter Island,2010,https://boxd.it/6xyE0X,5,,"“Which would be worse… to live as a monster or to die as a good man?”

De Cierto modo esa frase la relaciono un poco con Taxi driver",,2024-05-24
2024-07-13,Despicable Me 4,2024,https://boxd.it/6RCrut,2,,“De hecho hay un libro de kafka que lo explica 🤓👆🏼”,,2024-07-12
2024-08-17,Limitless,2011,https://boxd.it/777NCL,3.5,,La mejor sorpresa de mi día fue no saber que Robert de niro aparecía en esta pelotilla,,2024-08-16
2024-08-19,You Again,2010,https://boxd.it/78qqXt,3.5,Yes,La única persona razonable es el hermano que juega PSP y el papá,,2024-08-18
2024-08-31,It Ends with Us,2024,https://boxd.it/7dL0x7,3,,"La verdad pense al principio que iba a ser la típica película de wattpad, pero estaba bonita me gustó",,2024-08-30
2024-09-11,The Help,2011,https://boxd.it/7iVYR7,3.5,,"EAT MY SHIT 👁️👄👁️ 

Top 3 escenas más satisfactorias",,2024-09-10
2024-09-11,Inglourious Basterds,2009,https://boxd.it/7iZWKB,5,Yes,"Los primeros 20 minutos de esta película en mi opinión es la mejor introducción de un personaje que he visto en el cine, Hans Landa se lleva por completo el protagonismo de la película",,2024-09-10
2024-09-12,12 Angry Men,1957,https://boxd.it/7jm92L,5,,"Una de las mejores películas que he visto este año, la capacidad de transmitir una historia en un solo cuarto de debe gracias a el excelente diálogo que hay durante toda la película. No es solo una cinta sobre un jurado, es un reflejo de nuestra sociedad y nuestra capacidad de condenar como seres humanos basados simplemente en nuestros prejuicios. 

Amaría poder ver esta película en forma de una obra de teatro en un futuro. 5/5",,2024-09-11
2024-09-13,Disturbia,2007,https://boxd.it/7jy1wH,3,,La forma en la que filmaron la película y ver a Shia te transporta perfectamente a lo que sentías en los 2000 viendo una película,,2024-09-12
2024-09-13,Superbad,2007,https://boxd.it/7jKV4N,5,Yes,"A ESO SE LE LLAMA ESTRATEGIA 🤓🗣️

La mejor comedia de nuestra generación y ni si quiera es un debate, todo acerca de esta película me recuerda a mi secundaria, los diálogos, la situaciones estúpidas, Mclovin",,2024-09-13
2024-09-14,The Notebook,2004,https://boxd.it/7k83ul,4.5,Yes,Ahora Sofi sabe porque al menos una vez al día le digo de forma aleatoria “WHAT DO YOU WANT 🗣️”,,2024-09-13
2024-09-19,Sorry to Bother You,2018,https://boxd.it/7mgp4D,3.5,,"La forma en la que Cassius usa su “white voice” para escalar en la pirámide laboral es un reflejo perfecto de cómo toda cultura latina, africana, etc es muchas veces mal vista en los espacios formales. La musica, bailes, peinados y toda nuestras formas de expresión. 

La película empieza con una buena trama y la sabe llevar muy bien hasta el último cuarto de película donde siento que flaquea más",,2024-09-18
2024-09-28,Air,2023,https://boxd.it/7q2853,3.5,,"Como me encantan las películas que me recuerdan que no importa que tanto lo intente negar, sigo siendo un consumista de corazón que ahora tiene ganas de comprar otras Jordan",,2024-09-27
2024-09-29,The Wild Robot,2024,https://boxd.it/7qHHWj,4,,"Simplemente hermosa. 

Siempre dreamworks siendo los mejores en historias animadas",,2024-09-28
2024-10-05,Joker: Folie à Deux,2024,https://boxd.it/7ttPbz,1.5,,"“I like some of the gaga Songs, WHAT THE FUCK DOES SHE KNOW BOUT MOVIES?”

No tan mala como la pintaron, pero ciertamente tiene muchos problemas, las partes de musical se sienten poco orgánicas y existen demasiadas en la película, es una película de cierta manera disfrutable los momentos donde no están cantando sin embargo me parece demasiado aburrida para verla de nuevo en el futuro 

Le dije a Sofi que esta película es “La la Land para drogadictos",,2024-10-04
2024-11-01,The Silence of the Lambs,1991,https://boxd.it/7Hor9Z,4.5,,"Simplemente increíble, de principio a fin es una obra que te cautiva y no te deja despegarte un segundo a la pantalla, la forma en la que se construyen las escenas de suspensos debería ser cátedra para todos los que quieren hacer este tipo de cine",,2024-11-01
2024-11-24,Red One,2024,https://boxd.it/7SOgjF,2.5,,La roca también quería hacer una película de los vengadores,,2024-11-23
2024-12-14,Kung Fu Panda,2008,https://boxd.it/82Dl8l,4,,"No me recordaba de la cantidad de memes que había en esta película, ver estas películas en retrospectiva como adulto te da una nueva perspectiva de los problemas y motivos de Po, el combate entre Tai Lung y Shifu es una de las mejores escenas animadas de todos los tiempos.",,2024-12-12
2024-12-14,Shrek 2,2004,https://boxd.it/82Dokp,5,Yes,"Sigue siendo la mejor película animada que he visto en mi vida, nada va a alcanzar el Peak de comedia y doblaje que hacen Eugenio Derbez y Alfonso Obregón, la banda sonora es perfecta y la escena de Yo quiero un héroe es el Peak de la animación",,2024-12-13
2024-12-20,2001: A Space Odyssey,1968,https://boxd.it/86ixFv,4.5,,"Es increíble pensar que esta película fue hecha en 1968, más increíble me parece la cantidad de referencias e influencia que ha tenido en nuestra cultura popular, desde caricaturas para niños hasta videojuegos. Muchas obras que fueron inspiradas por esta película de Kubrick

Es una cátedra de cómo utilizar sonido para crear ambientación y tensión a lo largo de una película en la que se sostiene con planos abiertos y largos que para la época me parece incomprensible como lograron. 

La trama es lo más flojo de la película y hay planos que en mi opinión son más largos de lo que deberían, quitando esa tensión que existía inicialmente. más parece un ejercicio de fotografía que algo que aporte a la trama. Aún así es una obra colosal que seguramente visitaré de nuevo  en un par de años",,2024-12-20
2024-12-27,Big Fat Liar,2002,https://boxd.it/8bpRP5,3,Yes,"De mis favoritas de la infancia, ya no hacen películas así",,2024-12-26
2024-12-31,The Hunger Games: Catching Fire,2013,https://boxd.it/8eBZt3,3,Yes,Mejor de lo que la recordaba pero aún así no logré conectar nunca con esta del todo,,2024-12-30
2024-12-31,The Hunger Games: Mockingjay – Part 1,2014,https://boxd.it/8fcFU3,2,Yes,"La más flojita en mi opinión en especial comparándola con sus dos antecesoras, la película comete un error al no seguir explorando y tratando de hacerte empatizar con los personajes recién añadidos en la película anterior y en lugar de eso te ponen más personajes secundarios con los que no tienen un carisma suficiente para que puedas empatizar con ellos. 

Los monólogos son planos y se sienten forzados en varias partes de la película, comparándolos con los de la primera película si se siente un bajón en la calidad de escritura y la expectativa que se crea para los momentos más explosivos. 

El final también considero que es algo decepcionante ya que al ser dividida en dos partes la mayoría de tramas se cierran en esta película y no te dejan muchas incógnitas que resolver y expectativas que tener para la segunda parte, algo que por ejemplo en infinita war es hecho de manera muy buena.",,2024-12-31
2025-01-08,The Hunger Games: Mockingjay – Part 2,2015,https://boxd.it/8n5wlh,3.5,,"Mucho mejor respecto a la parte 1, pero sigue acarreando los problemas de esta como la falta empatía que se desarrolla con los nuevos personajes lo que hace ciertas muertes que se sientan un poco irrelevantes 

Pd. solo hizo falta 2 juegos del hambre y una guerra civil para que Katniss se enamorara de Peeta",,2025-01-08
2025-01-10,How to Lose a Guy in 10 Days,2003,https://boxd.it/8p0uzf,4,,"Divertida, entretenida, me pasé un buen rato. Es todo lo que tienen que tener las comedia románticas y al parecer es tan difícil recrear eso hoy en día que no tenemos RomComs así de buenas",,2025-01-09
2025-01-11,Back to the Future,1985,https://boxd.it/8pQ2FN,5,Yes,"La primera vez que vi esta película fue un domingo por la tarde cuando me quedé solo con mi papá en casa. 

La estética, la vestimenta de los personajes, la trama que puede parecer simple a primera vista un clásico arquetipo del viaje del héroe. No es necesario hacer tramas enredadas y complicadas para que una película sea un 5/5 

De esto se trata el cine, poder ver una película, recordar, disfrutar y pasártelo bien por un rato sin preocupaciones.",,2025-01-10
2025-01-11,Back to the Future Part II,1989,https://boxd.it/8qc4St,4,Yes,"De pequeño esta era la que menos me gusta y a pesar que la disfruté más tengo serios problemas con la trama. A pesar que es una película hecha para disfrutarse y no pensarla tanto es muy difícil no cuestionarse cada 10 minutos porque se sobre complica el conflicto principal “la revista” 

Usando el principio del arma de Chéjov se te presenta al inicio de la película un flash que usa el Doc para desmayar a Jennifer y teniendo en cuenta esto podría ser tan fácil como usarlo con Biff y acabar la trama, podrían interceptar a Biff anciano antes que le de la revista a su versión Joven y quitarle la máquina del tiempo, podrían haber quemado la revista en el primer momento que Marty la tuvo en sus manos, etc, etc. y ese es el mayor problema de la película ya que asumiendo que el Doc es un genio actúa de forma muy incoherente para resolver los problemas de esta película

Aún así creo que es bastante disfrutable y entretenida, el mayor problema de la película es tratar de complicar un problema muy sencillo",,2025-01-10
2025-01-12,Back to the Future Part III,1990,https://boxd.it/8qJkix,5,Yes,"Mi favorita de la saga entera y en mi opinión la mejor, me parece increíble que las 3 películas usan el mismo arquetipo del viaje del héroe y una estructura muy similar entre sí pero todas tienen una identidad propia y un aura especial. 

<b style=""font-style: italic;"">“The future isnt written it can be changed”</b>

Lo que para mí hace especial la 3 es el cariño que se le nota que está en esta película todos los detalles fueron muy buenos cuidados y la trama fue uno de ellos, en contraste a la segunda película creo que esta crea un conflicto mucho más realista y que te mantiene más emocionado a lo largo de la película, ese es su punto fuerte. Agregar una trama de amor con el Doc también es un punto que fortalece mucho la trama de la película y la hace interesante sin sacarte mucho de la trama principal. 

El final es lo mejor de la película, te deja una sensación de alegría y nostalgia viendo los últimos 20 minutos de película, cerrando todas las tramas y dándote una historia redonda es una de las mejores decisiones que se pudieron tomar. Habría sido un grave error crear una cuarta película y me alegro que se hayan dado cuenta de esto los productores, muchos más estudios podrían tomar nota de esto",,2025-01-11
2025-01-12,"The Good, the Bad and the Ugly",1966,https://boxd.it/8riaQT,5,,"<i>“If you work for a living, why do you kill yourself working?”</i>

<b>CINE EN SU MÁXIMO ESPLENDOR, </b>estoy empezando el año y creo que está ha sido de las mejores primeras veces que veo una película, <i><b>no es solo contar una historia, es de qué manera la cuentas</b></i> y la manera en la que esta historia se cuenta es de las mejores que he podido ver en el cine, la cantidad de planos que me enamoraron de esta película no la puedo ni contar, la fotografía es uno de los aspectos que más resaltaron en mi primer vista de esta película. Es fácil ver como esta película deja una influencia enorme no solo en los westerns como género si no en el cine en general. 

Con los dedos de una mano puedo contar bandas sonoras como la de esta película o mejores, fue uno de los aspectos más cautivantes y que más me gustaron. 

Una historia de Ambición, traición y codicia, los ultimos minutos de enfrentamiento en la película es de lo mejor que se ha hecho en el cine. ni si quiera sentí las 3 horas totales de película 

5/5

Pd. Descubrí que el sample de 505 de Arctic Monkeys sale de aquí",,2025-01-11
2025-01-19,Split,2016,https://boxd.it/8wZxEH,3.5,,"Me gustó bastante, siento que por el género de película pudieron usar planos más interesantes en ciertos momentos pero fuera de ello me gustó mucho la trama y la forma de contarla 

Además hubo referencia a Kanye así que media estrella más por eso",,2025-01-18
2025-01-26,Harry Potter and the Philosopher's Stone,2001,https://boxd.it/8CllWX,3.5,,"La primera que veo de esta saga, me pareció interesante y en varias partes cómica, lo que más destaco es la cantidad de memes que salió solo en la primera hora de película

Los efectos especiales para la época son muy buenos y la ambientación también",,2025-01-25
2025-01-31,Moneyball,2011,https://boxd.it/8FNrMH,4,,"<b><i>“I hate losing more than I want to win”</i></b> 

Una película de 2 horas que habla especialmente de estadísticas sobre baseball y no te aburre en ningún momento, la facilidad que tiene Brad Pitt para cautivarte en las películas y hacer tramas como estas interesantes me parece increíble. 

Me gustó mucho el color grading y fotografía de la película",,2025-01-30
2025-02-03,The Hunger Games: The Ballad of Songbirds & Snakes,2023,https://boxd.it/8IBr5V,4,,"<b><i>“Snow lands on top”</i></b>

La mejor después de la película original, toma todos los aspectos de esta primera película y los replica de muy buena forma, la virtud de esta película radica en su forma de hacerte sentir más en los momentos de diálogo que en las partes de acción y pelea, siendo esto algo que necesitaba esta franquicia y no estaba logrando en las entregas anteriores. 

La fotografía y el color son de mis aspectos favoritos, tiene un mayor cuidado al detalle en mostrar planos dinámicos cada vez que puede para contarte la historia de la película.",,2025-02-03
2025-02-10,"As Above, So Below",2014,https://boxd.it/8NaCuD,4,Yes,"Para ser una película de found footage está bien, ahora que la volví a ver los personajes principales me parecieron más annoying que la primera vez pero nada del otro mundo, creo que pudieron aprovechar más situaciones para crear terror y realizar jumpscares menos obvios 

Igual tengo que admitir que me gusta mucho esta película entonces por eso 4 estrellas",,2025-02-10
2025-02-17,Mamma Mia!,2008,https://boxd.it/8RHAol,5,,"INCREÍBLE, todo lo que las películas representan lo tiene esta película, buena fotografía, guion entretenido, buenos diálogos y actuaciones es increíble. Nueva película de confort desbloqueada 

Hoy descubrí que Sofi se sabe todas las canciones de ABBA",,2025-02-16
2025-03-20,Woman of the Hour,2023,https://boxd.it/9b6X4J,3,,"Había una muy buena historia que contar, una fotografía espectacular, buenos actores pero un mal guion. 

Muchos momentos de la película pueden hacerte sentir muchas más emociones de lo que se logra hacer, eso me decepcionó. Definitivamente no es una mala película pero no creo volverla a ver porque el guion y ritmo no me parecieron óptimos",,2025-03-19
2025-04-06,A Minecraft Movie,2025,https://boxd.it/9kD92v,2.5,,No salió minero al final ni referencias a planeta vegeta -2 estrellas,,2025-04-05
2025-04-20,What Women Want,2000,https://boxd.it/9sMbnb,3,,"Mejor romcom de lo que me imagine, algo predecible pero creo que pudieron tener un mejor Plot twist",,2025-04-19
2025-04-20,"Love, Rosie",2014,https://boxd.it/9sPHR9,2,,"Top 3 comerciales a favor del aborto 

Me pasé riendo toda la película porque el guion estaba terrible, 

hay tantas tramas a medias que es difícil poder sentirte emocional en los momentos más fuertes de la película porque no hay una buena construcción de las relaciones de los personajes, solo por una conversación con el papá de Rosie no te puede hacer sentir triste en su funeral, además le pasaban tantas cosas malas tan seguido que era un drama que parecía comedia y el tracklist me pareció terrible porque en vez de poner el ambiente para momentos fuertes de la trama me sacaba de ellos",,2025-04-20
2025-04-20,The Lorax,2012,https://boxd.it/9sRIvR,3.5,,La recordaba mejor pero sigue teniendo un bonito mensaje y buenos musicales,,2025-04-20
2025-06-23,Harry Potter and the Chamber of Secrets,2002,https://boxd.it/a5FSgJ,3,,No soy fan de esta porque siento que la trama se alargó más de lo que esperaba y el final tampoco fue tan explosivo como lo esperaba sin embargo tiene su encanto y momentos graciosos que la hacen tan disfrutable como la primera,,2025-06-22
2025-06-23,Harry Potter and the Prisoner of Azkaban,2004,https://boxd.it/a5G2r3,4,,"Hasta el momento mi favorita de la saga, sabe mantener momentos graciosos de las entregas anteriores y seguir evolucionando la saga con una película que se acerca más a ser un thriller, los momentos de conflicto son mucho más memorables y el plot twist está muy bien trabajado. Ciertamente la volvería a ver",,2025-06-22
2025-08-02,Apocalypse Z: The Beginning of the End,2024,https://boxd.it/azG2cx,1.5,,"Es protagonista es de lejos la persona con peor instinto de supervivencia en una película apocalíptica. No hubo personajes memorables, los momentos dramáticos no se sintieron porque no se molestaron en desarrollar bien ninguna trama o que te agradara lo suficiente cualquier personaje. 

No hubo nada de suspenso tampoco, y el final flojito",,2025-08-01
2025-08-12,The Big Short,2015,https://boxd.it/aH7hZ7,3.5,,"Una pelicula con un gran casting de actores de primera linea y una historia muy interesante que contar, las narraciones creo que son parte clave para entender esta historia y una muy buena forma de llevar la trama",,2025-07-22
2025-08-26,Harry Potter and the Half-Blood Prince,2009,https://boxd.it/aRrQHd,3,,"El color y la cinematografía creo que son de los puntos más destacables de la película, le añade mucho carácter y una personalidad propia que considero se separa de las demás de la saga 

En cuanto a la trama considero que hay momentos que sentí no tan necesarios y que se pudieron explorar más tramas de personajes secundarios, en el sentido de que con las películas anteriores se viene construyendo un universo de personajes secundarios muy interesantes y en esta siento que no está explotado al 100 y por ende la sentí un poco vacía en ese aspecto

Pero las tramas de amor entre los personajes mantienen la película con un ritmo interesante que te hace agradar esta película, grandes expectativas en las últimas 2 películas",,2025-08-25
2025-09-01,Eyes Wide Shut,1999,https://boxd.it/aVrT5R,4,,"Kubrick tiene una forma muy especial de contar las historias donde no necesita que tengas un guion extenso para hacerte entender lo que significa una escena, casi de forma atmosférica donde la música es lo que rodea una escena y los planos largos te dicen todo lo que necesitas saber. 

De mi punto de vista la película muestra un ataque al ego del protagonista el cual no puede concebir la idea de su esposa pensando en otra persona que termina haciendo lo imposible para volverse a sentir en poder y control aunque eso signifique terminar en un culto elitista. Se podría ver como un estudio de la masculinidad desde la lupa de fragilidad del ego. 

Uno de mis aspectos favoritos de la película fue el color, se siente una buena intensidad de estos en la película sin sentirse saturada de estos, definitivamente uno de los aspectos que más me ha gustado de las películas de Kubrick. 

Finalmente no le doy 5 estrellas porque no estoy satisfecho con el final, se que cortaron 30 minutos de película y creo que hubieran sido necesarios para terminar la película de mejor forma ya que siento un final acelerado y con varias incógnitas sin respuesta",,2025-08-30
2025-09-01,Network,1976,https://boxd.it/aVwwY5,3.5,,"“The world is a college of corporations, inexorably determined by the immutable bylaws of business. The world is a business, Mr. Beale.“

Network es una película que fue hecha hace 50 años y el mensaje que tiene es igual de relevante que hoy, constantemente desde hace mucho tiempo las grandes corporaciones compiten por nuestra atención constantemente y esto provoca una saturación se mensajes genéricos que las personas dejan de escuchar. 

Hasta que Aparecen personas como Mr. Beale y hace algo tan fuera de lugar que capta la atención de todo el mundo. No hace falta investigar mucho para darse cuenta que desesperadamente la mayoría de personas en redes sociales hacen eso. No solo en redes sociales, los políticos y religiosos hablan mensajes similares con tonos de voz similares para permanecer relevantes. 

Creo que es una buena reflexión sobre lo que consumimos como sociedad y como somos susceptibles a ciertos mensajes",,2025-08-31
2025-09-01,The Shining,1980,https://boxd.it/aW1ntT,5,,"Es realmente una de las mejores películas que he visto en mi vida, desde el momento 1 Kubrick se encarga de crear una atmósfera que se siente tan misteriosa y te atrapa. 

Cada plano, parte del hotel, diálogo y escena está pensado de tal forma que como espectador no puedas despegar los ojos de la pantalla. Una de mis cosas favoritas de la película es como Kubrick rompe las reglas tradicionales de composición para contar la historia a su antojo",,2025-08-31
2025-09-06,The Blair Witch Project,1999,https://boxd.it/aZ5qBh,4,,"Lo mejor del terror no es mostrarte escenas explícitas de jumpscares que te asustan un segundo y luego se pasan, el verdadero terror es algo que se construye a lo largo de una película pasó a paso

Hacer que tu espectador se imagine el mounstro de tu película es de las cosas más poderosas que se pueden hacer en este género, porque va a quedarse en la mente del espectador por largo rato.",,2025-09-06
2025-09-07,Creep,2014,https://boxd.it/aZmB3f,2.5,,"Michael Scott si fuera un serial killer 

Me reí más con esta película que con otras de comedia",,2025-09-06
2025-09-08,28 Weeks Later,2007,https://boxd.it/b0rcT5,2.5,,"La primera escena de la película genuinamente creo que es de los mejores inicios para una película de zombies, es impecable, sin embargo el resto de la película no logra mantenerse a ese mismo nivel

La cantidad de cortes que hay en cada escena de acción me marea",,2025-09-07
2025-09-08,Punch-Drunk Love,2002,https://boxd.it/b0vbG3,3,,"“It Looks Like Hawaii in Here”

No logré conectar del todo con la película, me gustó el uso de colores y el juego de la cámara a lo largo de la película, sin embargo el ritmo no es algo a lo que me haya adecuado y honestamente esperaba un poco más

P.s. La banda sonora también fue un muy buen aspecto de la película",,2025-09-07
2025-09-14,Harry Potter and the Deathly Hallows: Part 1,2010,https://boxd.it/b45p7F,4,,"Muy buena, en algunas partes la trama es un poco más larga de lo que debería sin embargo creo que sabe como mantener tu atención todo el tiempo",,2025-09-13
2025-09-14,Harry Potter and the Deathly Hallows: Part 2,2011,https://boxd.it/b45yqL,4.5,,"Me encantó completamente el final, sin duda la Mejor película de Harry potter, en todo momento no pude despegar la mirada de la pantalla, los plot twist, las peleas, la finalización del viaje del héroe y el desarrollo de personaje de Harry, Ron y Hermione me encanta. 

Sin embargo hay 2 puntos muy claros a mejorar que creo que a lo largo de toda la trama han no me gustaron y es como apresuran los romances y no se desarrollan del todo, Esto se ve con Hermione y Ron o con Harry y Ginny. Además de cómo se apresuran las muertes, personajes que haz desarrollado por muchas películas solo mueren y deberían tener un énfasis mayor. 

Fuera de eso ya siento nostalgia por volver a ver la saga de nuevo",,2025-09-13
2025-09-15,Pearl,2022,https://boxd.it/b4SQZx,3,,"La primera parte me parece muy buena, el tomar una trama típica de Disney donde piensas que el protagonista alcanzará su sueño y cambiarla completamente me pareció algo muy bien ejecutado, al igual que la fotografía y el color que son aspectos muy buenos junto con el monólogo final de la madre y de Pearl 

Sin embargo el problema de la película considero que es la falta de suspenso en cada una de las muertes, no hay ese elemento de miedo que te tenga como espectador con ansiedad de la siguiente escena, no está mal del todo como lo hicieron en la película pero pudo ser mejor",,2025-09-14
2025-09-17,Creep 2,2017,https://boxd.it/b5GgSF,3,,"Esta saga es más graciosa de lo que debería, me parece un poco más interesante que la anterior, logrando captar de mejor forma mi atención a lo largo de la película",,2025-09-16
2025-09-17,X,2022,https://boxd.it/b5ZdsR,3.5,,"Mucho mejor que Pearl, hace un buen trabajo manteniendo un ritmo adecuado en la trama teniendo en cuenta el cambio de trama a la mitad de la película

El suspenso, las muertes, la ambientación y fotografía son aspectos muy trabajados que hacen de esta película iconica y memorable",,2025-09-16
2025-09-18,Me Before You,2016,https://boxd.it/b67Jmd,2.5,,"La historia sería mucho mejor con algunos dices en la trama, empezando por lo innecesario que es la relación de Patrick y Lou. No aporta en nada, no sale nada interesante y en lo único que me hace pensar es que Lou está siendo infiel en cada escena con William, también en personaje de Lou me parece que puede ser más maduro y la trama funcionaría de igual forma. 

A pesar de que el plot general de la película se basa en la inevitable muerte de William creo que se pudo hacer de mejor forma y enfatizarlo más de alguna forma",,2025-09-17
2025-09-19,Ted 2,2015,https://boxd.it/b70koX,2.5,,"Lastimosamente como la mayoría de secuelas no está al nivel de la primera, los chistes no son tan buenos como lo eran en la primera pero me parece una película buena para pasar el rato",,2025-09-19
2025-10-04,Fallen Angels,1995,https://boxd.it/bg5W8f,4,,"Si reducimos el cine a la definición más minimalista de lo que es, lo podríamos resumir en una composición audiovisual que cuenta una historia. Eso siento que es fallen angels, es una forma espectacular de contar historias desde distintas perspectivas utilizando todos los recursos posibles que se tiene en este medio. 

La fotografía es espectacular, la colorizacion y el plano holandés dan un feeling muy específico que denota perfectamente la situación y el mundo en el que viven nuestros personajes principales. 

Encapsular ese sentimiento utilizando esos recursos es algo increíble.",,2025-10-04
2025-10-05,Chungking Express,1994,https://boxd.it/bgmHeB,4.5,,"<i>“If memories could be canned, would they also have expiry dates?  If so I hope they last for centuries”</i>
 
Una de las primeras impresiones que tengo de Wong Kar Wai es su fotografía, no puedo mencionar otro director el cual me haya encantado tanto en este aspecto, la forma de capturar escenas tan cotidianas y llenarlas de tanto color y vida es una marca que distingue su cine de cualquier otro. 

Ambas historias de amor son bastante interesantes, la cantidad de cosas que te puede hacer experimentar y relacionarte con ellas es increíble, sin embargo creo que en esta película el error que para mí hace que no sea perfecta es que la primera parte debió durar más. 

Creo que es una película que miraré en distintas ocasiones en el futuro ya que me atrapó mucho la trama y los personajes",,2025-10-04
2025-10-05,Full Metal Jacket,1987,https://boxd.it/bgPIRn,5,,"<i>“I think I was trying to suggest something about the duality of man, sir.”</i>

Las muertes son sin sentido, con poca importancia y sin énfasis en la trama, al igual que lo fue la guerra de Vietnam. 

Kubrick tiene una forma de contar historias en la cual permite que como espectador entres a una atmósfera especial con cada película que hace, Full Metal Jacket no es la excepción. 

Ambas partes de la película son igual de increíbles y te muestran el mismo mensaje de perspectivas diferentes, como <b>la guerra es el acto más deshumanizante que tenemos como especie</b> no importa que estés en tu entrenamiento para ser marinero o en el campo de batalla, la guerra es el peor acto que tenemos como especie. 

El arco de Pyle y Joker son dos caras de la misma moneda, el viaje de un hombre en la pérdida de su cordura y humanidad.",,2025-10-04
2025-10-07,Ready Player One,2018,https://boxd.it/bhRfu3,2.5,,"Considero que el gran problema de la película es que tiene muy definido el público al cual esta película tiene que apelar, fanáticos de la cultura popular de los 90’s y 00’s, sin embargo la trama, diálogos, personajes son solo interesantes para un público menor, lo cual es el gran problema porque por más que quiera que me gusten las referencias que se hacen a franquicias que amo, no puedo conectar con ellas al tener diálogos tan terribles y básicos que ofrece la trama.",,2025-10-06
2025-10-07,The House,2022,https://boxd.it/bigjLH,3,,"No considero que la película tenga una mala historia que contar, al contrario creo que se pueden hacer teorías bastante interesantes de lo que representa cada una de las partes. 

Sin embargo desde un punto de vista de espectador resulta algo lento tratar de descifrar cada parte, a como yo lo interpreté la casa representa un mal para cada persona diferente que la habita, exagera sus miedos, sentimientos o características hasta un punto máximo",,2025-10-07
2025-10-08,Isle of Dogs,2018,https://boxd.it/biHBSv,4,,"Un arquetipo típico del viaje del héroe cuando es ejecutado de buena forma me encantará siempre, eso es esta obra, un arquetipo bastante conocido para una película, una trama fácil de digerir pero <b>entretenida</b>. 

A veces parece que hacer una película entretenida suena fácil pero realmente son pocas las películas que siendo tan simples pueden gustarte y llegar al corazón. 

Me veo volviendo en el futuro a esta película y considero que es una a la que le guardaré cariño",,2025-10-07
2025-10-12,One Battle After Another,2025,https://boxd.it/blfoCP,4.5,,"<i>“The Revolution will not be televised”</i>

En un mundo de constantes luchas sociales para que todos podamos tener los mismos derechos PTA hace una película que se burla de la extrema derecha en nuestro siglo, su ideales y forma de operar. 

A lo largo de la película vemos muchos personajes los cuales a pesar de sus diferencias tienen algo en común y es la convicción en sus ideales. Todos están dispuestos a matar o morir por sus creencias y estos personajes crean constantemente una atmósfera llena de distintas emociones que como espectador no te permiten despegar los ojos de la pantalla. 

Acompañado con una banda sonora espectacular que te atrapa constantemente en esta atmósfera simplemente con un piano a lo largo de los momentos tensos, me recordó al uso de la música como parte de la escena en <b>Punch-Drunk Love, </b>lo cual me pareció de los aspectos fuertes en esa película y que en One Battle After another se mejora.",,2025-10-11
2025-10-14,Fantastic Mr. Fox,2009,https://boxd.it/bmi8hV,4,,"Es refrescante ver en animación las tramas que hace Wes Anderson, los diálogos son un punto fuerte de la película, son por un lado fáciles de entender, directos pero sin dejar de ser profundos en ciertos momentos, una película que puede disfrutan tanto un niño como adulto. 

Los colores son otro aspecto que me encanta, son densos, cálidos, bien logrados que te transmiten una sensación de nostalgia inmediata la primera vez que miras la película.",,2025-10-13
2025-12-13,Five Nights at Freddy's 2,2025,https://boxd.it/c1FTGD,2,,"No sentí nada, hubo momentos graciosos pero los jumpscares no son tan buenos",,2025-12-12
2026-01-07,Stranger Things 5: The Finale,2025,https://boxd.it/cuaJgp,3.5,,"No está mal, pero la serie tuvo mejores peaks",,2026-01-03
2026-01-11,The Housemaid,2025,https://boxd.it/czjKP9,3.5,,"La primera parte de la película sabe mantenerse mucho mejor, tiene un muy buen suspenso y sabe construir bastante bien ese suspenso de lo que puede pasar, sin embargo la segunda parte no es tan buena como la primera aunque no diría que es mala 

Un aspecto que no puedo ignorar y es de lo peor de la película es el Soundtrack. Es terrible, anti climático y más bien te saca de el suspenso que puedas tener",,2026-01-10
2026-01-17,Amores Perros,2000,https://boxd.it/cFU5Bj,4.5,,"<b style=""font-style: italic;"">“Porque también somos lo que hemos perdido”</b>

Obra maestra desde el primer cuadro hasta el último, la primera historia es una de las mejores experiencias que he tenido en una película, es emocionante, acelera tu corazón y a pesar de que al inicio te muestran ese choque te da una ansiedad increíble por cómo se construye todo hasta ese momento. 

La segunda historia no es tan fuerte como la primera y creo que fue la parte que más me perdió en la película, sin embargo la tercera fue otra obra maestra que te mantiene pegado a la pantalla y con ganas de saber que está a punto de pasar. 

La película es violenta, cruda, sucia y me encanta, el movimiento de la cámara cuando graban en el carro, el grano que se ve en las tomas y los desenfoques de cámara le dan un carácter único. 

La única razón para no darle 5 estrellas fue la historia del medio que considero pudo ser más interesante pero no logró captar del todo mi atención",,2026-01-16
